,beta1,theta_noise,rdm,costmap,costtruth,errof,ssimf,errortheta,errorvartheta,uqerrorf,uqtightnessf,uqsizef,uqerrortheta,uqtightnesstheta
0,500000.0,0.05,0.9930881731050263,0.4816944718213229,0.49006796220741,0.5535272585479196,0.4511169471003988,0.044448545564341815,0.03115030738416513,-1.0,-1.0,-1.0,-1.0,-1.0
