,MCMC,optimization
0,130.00169730186462,1.4543533325195312e-05
