,MCMC,optimization
0,2.384185791015625e-07,431.8289420604706
