,beta1,theta_noise,rdm,costmap,costtruth,errof,ssimf,errortheta,errorvartheta,uqerrorf,uqtightnessf,uqsizef,uqerrortheta,uqtightnesstheta
0,10000.0,0.05,0.9910662386254734,0.479101423606859,0.48570021162677096,0.4508098028619536,0.7020712905135631,0.03917972146791855,0.013360616030562614,-1.0,-1.0,-1.0,-1.0,-1.0
