,MCMC,optimization
0,22.401129484176636,1.33514404296875e-05
