,MCMC,optimization
0,22.060843467712402,21.256086349487305
