,MCMC,optimization with localization,optimization
0,2.384185791015625e-07,1.0251998901367188e-05,74.08199715614319
