,SVDMCMC,optimization,HMC
0,57.1251757144928,82.07413530349731,54.67910575866699
