,SVDMCMC,HMC
0,59.80242943763733,51.24571943283081
