,MCMC,optimization
0,54.96251630783081,83.446533203125
