,MCMC,optimization
0,56.20039892196655,32.97232151031494
