,SVDMCMC,HMC
0,1182.594367779995,9561.841281220011
