,beta1,theta_noise,rdm,costmap,costtruth,errof,ssimf,errortheta,errorvartheta,uqerrorf,uqtightnessf,uqsizef,uqerrortheta,uqtightnesstheta
0,200000.0,0.05,0.9998261125137687,0.4865178570929834,0.4990827194598804,0.6425857796872371,0.3346812970518288,0.048646417234856944,0.02839202952100271,-1.0,-1.0,-1.0,-1.0,-1.0
