,SVDMCMC,HMC
0,1803.0076768398285,1.1444091796875e-05
