,MCMC,optimization
0,654.1445248126984,571.5245661735535
