,SVDMCMC,HMC
0,151.80912852287292,352.01997447013855
