,SVDMCMC,HMC
0,997.8950705528259,5294.761484146118
