,SVDMCMC,HMC
0,11.605607691999467,97.75106462799886
