,SVDMCMC,HMC
0,51.86867642402649,51.10488486289978
