,SVDMCMC,HMC
0,746.1527495310002,8419.745502249
