,SVDMCMC,HMC
0,13.378012974999365,103.4969956900004
