,beta1,theta_noise,rdm,costmap,costtruth,errof,ssimf,errortheta,errorvartheta,uqerrorf,uqtightnessf,uqsizef,uqerrortheta,uqtightnesstheta
0,50000.0,0.05,1.0040428261963716,0.4905957588333525,0.5001862445057215,0.5357244926811235,0.6870713322108369,0.051035604538105905,0.038510179800049935,-1.0,-1.0,-1.0,-1.0,-1.0
