,SVDMCMC,HMC
0,566.7093484439974,4360.550638033004
