,SVDMCMC,HMC
0,1784.9595782756805,12907.877449274063
