,SVDMCMC,HMC
0,1179.8161668460007,9709.16070741
