,SVDMCMC,optimization,HMC
0,51.44026494026184,9.5367431640625e-06,2.384185791015625e-07
